{"final_train_loss": 0.9674369096755981, "best_val_loss": 0.9590664505958557, "total_train_time": 51040.28111791611, "avg_inference_tokens_per_second": 126.31757797467449}