{"final_train_loss": 0.34422826766967773, "best_val_loss": 1.4691269397735596, "total_train_time": 5526.816632032394, "avg_inference_tokens_per_second": 150.49456345445896}