{"shakespeare_char": {"means": {"final_train_loss_mean": 0.3513713280359904, "best_val_loss_mean": 1.4703395366668701, "total_train_time_mean": 5525.81810426712, "avg_inference_tokens_per_second_mean": 143.44033695407242}, "stderrs": {"final_train_loss_stderr": 0.003037273552251589, "best_val_loss_stderr": 0.005410690897738822, "total_train_time_stderr": 3.502379037873899, "avg_inference_tokens_per_second_stderr": 3.1856935185545976}, "final_info_dict": {"final_train_loss": [0.3531414270401001, 0.34422826766967773, 0.35674428939819336], "best_val_loss": [1.459516167640686, 1.4691269397735596, 1.4823755025863647], "total_train_time": [5517.939668893814, 5526.816632032394, 5532.698011875153], "avg_inference_tokens_per_second": [137.02405241531616, 150.49456345445896, 142.80239499244215]}}, "enwik8": {"means": {"final_train_loss_mean": 0.9674369096755981, "best_val_loss_mean": 0.9590664505958557, "total_train_time_mean": 51040.28111791611, "avg_inference_tokens_per_second_mean": 126.31757797467449}, "stderrs": {"final_train_loss_stderr": 0, "best_val_loss_stderr": 0, "total_train_time_stderr": 0, "avg_inference_tokens_per_second_stderr": 0}, "final_info_dict": {"final_train_loss": [0.9674369096755981], "best_val_loss": [0.9590664505958557], "total_train_time": [51040.28111791611], "avg_inference_tokens_per_second": [126.31757797467449]}}, "text8": {"means": {"final_train_loss_mean": 0.9674369096755981, "best_val_loss_mean": 0.9590664505958557, "total_train_time_mean": 51040.28111791611, "avg_inference_tokens_per_second_mean": 126.31757797467449}, "stderrs": {"final_train_loss_stderr": 0, "best_val_loss_stderr": 0, "total_train_time_stderr": 0, "avg_inference_tokens_per_second_stderr": 0}, "final_info_dict": {"final_train_loss": [0.9674369096755981], "best_val_loss": [0.9590664505958557], "total_train_time": [51040.28111791611], "avg_inference_tokens_per_second": [126.31757797467449]}}}