{"final_train_loss": 0.35674428939819336, "best_val_loss": 1.4823755025863647, "total_train_time": 5532.698011875153, "avg_inference_tokens_per_second": 142.80239499244215}