{"final_train_loss": 0.3531414270401001, "best_val_loss": 1.459516167640686, "total_train_time": 5517.939668893814, "avg_inference_tokens_per_second": 137.02405241531616}